match_id,batting_team,runs_total
335982,Kolkata Knight Riders,222
335982,Royal Challengers Bangalore,82
335983,Chennai Super Kings,240
335983,Punjab Kings,207
335984,Delhi Capitals,132
335984,Rajasthan Royals,129
335985,Mumbai Indians,165
335985,Royal Challengers Bangalore,166
335986,Deccan Chargers,110
335986,Kolkata Knight Riders,112
335987,Punjab Kings,166
335987,Rajasthan Royals,168
335988,Deccan Chargers,142
335988,Delhi Capitals,143
335989,Chennai Super Kings,208
335989,Mumbai Indians,202
335990,Deccan Chargers,214
335990,Rajasthan Royals,217
335991,Mumbai Indians,116
335991,Punjab Kings,182
335992,Rajasthan Royals,138
335992,Royal Challengers Bangalore,135
335993,Chennai Super Kings,152
335993,Kolkata Knight Riders,147
335994,Deccan Chargers,155
335994,Mumbai Indians,154
335995,Delhi Capitals,158
335995,Punjab Kings,162
335996,Chennai Super Kings,178
335996,Royal Challengers Bangalore,165
335997,Kolkata Knight Riders,137
335997,Mumbai Indians,138
335998,Delhi Capitals,191
335998,Royal Challengers Bangalore,181
335999,Deccan Chargers,164
335999,Punjab Kings,167
336000,Kolkata Knight Riders,151
336000,Rajasthan Royals,196
336001,Chennai Super Kings,169
336001,Delhi Capitals,172
336002,Deccan Chargers,165
336002,Royal Challengers Bangalore,171
336003,Kolkata Knight Riders,169
336003,Punjab Kings,178
336004,Delhi Capitals,133
336004,Mumbai Indians,162
336005,Chennai Super Kings,109
336005,Rajasthan Royals,110
336006,Punjab Kings,127
336006,Royal Challengers Bangalore,126
336007,Chennai Super Kings,144
336007,Deccan Chargers,148
336008,Mumbai Indians,104
336008,Rajasthan Royals,103
336009,Chennai Super Kings,188
336009,Delhi Capitals,187
336010,Kolkata Knight Riders,129
336010,Royal Challengers Bangalore,124
336011,Deccan Chargers,140
336011,Rajasthan Royals,141
336012,Mumbai Indians,126
336012,Royal Challengers Bangalore,122
336013,Chennai Super Kings,181
336013,Punjab Kings,163
336014,Deccan Chargers,181
336014,Kolkata Knight Riders,204
336015,Delhi Capitals,156
336015,Rajasthan Royals,159
336016,Punjab Kings,144
336016,Royal Challengers Bangalore,143
336017,Delhi Capitals,110
336017,Kolkata Knight Riders,133
336018,Chennai Super Kings,156
336018,Mumbai Indians,158
336019,Punjab Kings,221
336019,Rajasthan Royals,180
336020,Deccan Chargers,182
336020,Delhi Capitals,194
336021,Kolkata Knight Riders,67
336021,Mumbai Indians,68
336022,Delhi Capitals,118
336022,Punjab Kings,94
336023,Rajasthan Royals,197
336023,Royal Challengers Bangalore,132
336024,Deccan Chargers,153
336024,Mumbai Indians,178
336025,Chennai Super Kings,55
336025,Kolkata Knight Riders,149
336026,Delhi Capitals,158
336026,Royal Challengers Bangalore,154
336027,Kolkata Knight Riders,147
336027,Rajasthan Royals,150
336028,Mumbai Indians,188
336028,Punjab Kings,189
336029,Chennai Super Kings,112
336029,Royal Challengers Bangalore,126
336031,Deccan Chargers,175
336031,Punjab Kings,178
336032,Delhi Capitals,179
336032,Mumbai Indians,176
336033,Chennai Super Kings,201
336033,Rajasthan Royals,211
336034,Deccan Chargers,153
336034,Royal Challengers Bangalore,156
336035,Kolkata Knight Riders,175
336035,Punjab Kings,174
336036,Mumbai Indians,145
336036,Rajasthan Royals,146
336037,Chennai Super Kings,148
336037,Deccan Chargers,147
336038,Delhi Capitals,87
336038,Rajasthan Royals,192
336039,Chennai Super Kings,116
336039,Punjab Kings,112
336040,Chennai Super Kings,163
336040,Rajasthan Royals,164
392181,Chennai Super Kings,146
392181,Mumbai Indians,165
392182,Rajasthan Royals,58
392182,Royal Challengers Bangalore,133
392183,Delhi Capitals,58
392183,Punjab Kings,104
392184,Deccan Chargers,104
392184,Kolkata Knight Riders,101
392185,Chennai Super Kings,179
392185,Royal Challengers Bangalore,87
392186,Kolkata Knight Riders,79
392186,Punjab Kings,158
392188,Deccan Chargers,184
392188,Royal Challengers Bangalore,160
392189,Chennai Super Kings,180
392189,Delhi Capitals,189
392190,Kolkata Knight Riders,165
392190,Rajasthan Royals,168
392191,Punjab Kings,173
392191,Royal Challengers Bangalore,168
392192,Deccan Chargers,168
392192,Mumbai Indians,156
392194,Delhi Capitals,150
392194,Royal Challengers Bangalore,149
392195,Punjab Kings,139
392195,Rajasthan Royals,112
392196,Chennai Super Kings,165
392196,Deccan Chargers,169
392197,Kolkata Knight Riders,95
392197,Mumbai Indians,187
392198,Delhi Capitals,143
392198,Rajasthan Royals,147
392199,Kolkata Knight Riders,139
392199,Royal Challengers Bangalore,143
392200,Mumbai Indians,116
392200,Punjab Kings,119
392201,Deccan Chargers,148
392201,Delhi Capitals,150
392202,Chennai Super Kings,164
392202,Rajasthan Royals,126
392203,Kolkata Knight Riders,139
392203,Mumbai Indians,148
392204,Punjab Kings,137
392204,Royal Challengers Bangalore,145
392205,Deccan Chargers,141
392205,Rajasthan Royals,142
392206,Chennai Super Kings,163
392206,Delhi Capitals,145
392207,Kolkata Knight Riders,153
392207,Punjab Kings,154
392208,Mumbai Indians,149
392208,Royal Challengers Bangalore,150
392209,Chennai Super Kings,178
392209,Deccan Chargers,100
392210,Punjab Kings,133
392210,Rajasthan Royals,211
392211,Delhi Capitals,157
392211,Kolkata Knight Riders,154
392212,Deccan Chargers,145
392212,Mumbai Indians,126
392213,Rajasthan Royals,107
392213,Royal Challengers Bangalore,105
392214,Chennai Super Kings,185
392214,Punjab Kings,174
392215,Delhi Capitals,118
392215,Mumbai Indians,116
392216,Deccan Chargers,168
392216,Punjab Kings,169
392217,Chennai Super Kings,141
392217,Rajasthan Royals,140
392218,Mumbai Indians,157
392218,Royal Challengers Bangalore,141
392219,Delhi Capitals,125
392219,Kolkata Knight Riders,123
392220,Deccan Chargers,166
392220,Rajasthan Royals,113
392221,Kolkata Knight Riders,173
392221,Royal Challengers Bangalore,176
392222,Mumbai Indians,122
392222,Punjab Kings,119
392223,Deccan Chargers,161
392223,Delhi Capitals,173
392224,Chennai Super Kings,129
392224,Royal Challengers Bangalore,132
392225,Mumbai Indians,143
392225,Rajasthan Royals,145
392226,Delhi Capitals,120
392226,Punjab Kings,123
392227,Chennai Super Kings,151
392227,Mumbai Indians,147
392228,Deccan Chargers,166
392228,Kolkata Knight Riders,160
392229,Deccan Chargers,133
392229,Punjab Kings,134
392230,Delhi Capitals,150
392230,Rajasthan Royals,136
392231,Chennai Super Kings,188
392231,Kolkata Knight Riders,189
392232,Delhi Capitals,134
392232,Royal Challengers Bangalore,135
392233,Kolkata Knight Riders,102
392233,Rajasthan Royals,101
392234,Chennai Super Kings,116
392234,Punjab Kings,92
392235,Delhi Capitals,166
392235,Mumbai Indians,165
392236,Deccan Chargers,158
392236,Royal Challengers Bangalore,170
392237,Deccan Chargers,154
392237,Delhi Capitals,153
392238,Chennai Super Kings,146
392238,Royal Challengers Bangalore,149
392239,Deccan Chargers,143
392239,Royal Challengers Bangalore,137
419106,Deccan Chargers,150
419106,Kolkata Knight Riders,161
419107,Mumbai Indians,212
419107,Rajasthan Royals,208
419108,Delhi Capitals,146
419108,Punjab Kings,142
419109,Kolkata Knight Riders,136
419109,Royal Challengers Bangalore,135
419110,Chennai Super Kings,159
419110,Deccan Chargers,190
419111,Delhi Capitals,142
419111,Rajasthan Royals,141
419112,Punjab Kings,203
419112,Royal Challengers Bangalore,204
419113,Chennai Super Kings,164
419113,Kolkata Knight Riders,109
419114,Delhi Capitals,120
419114,Mumbai Indians,218
419115,Rajasthan Royals,92
419115,Royal Challengers Bangalore,93
419116,Chennai Super Kings,190
419116,Delhi Capitals,185
419117,Deccan Chargers,170
419117,Punjab Kings,164
419118,Kolkata Knight Riders,134
419118,Rajasthan Royals,168
419119,Mumbai Indians,151
419119,Royal Challengers Bangalore,155
419120,Deccan Chargers,171
419120,Delhi Capitals,161
419121,Chennai Super Kings,145
419121,Punjab Kings,146
419122,Kolkata Knight Riders,155
419122,Mumbai Indians,156
419123,Chennai Super Kings,135
419123,Royal Challengers Bangalore,171
419124,Punjab Kings,152
419124,Rajasthan Royals,183
419125,Chennai Super Kings,180
419125,Mumbai Indians,181
419126,Deccan Chargers,148
419126,Rajasthan Royals,151
419127,Kolkata Knight Riders,183
419127,Punjab Kings,144
419128,Delhi Capitals,183
419128,Royal Challengers Bangalore,166
419129,Chennai Super Kings,160
419129,Rajasthan Royals,177
419130,Deccan Chargers,131
419130,Mumbai Indians,172
419131,Delhi Capitals,177
419131,Kolkata Knight Riders,137
419132,Mumbai Indians,164
419132,Punjab Kings,163
419133,Chennai Super Kings,162
419133,Royal Challengers Bangalore,161
419134,Delhi Capitals,188
419134,Rajasthan Royals,121
419135,Deccan Chargers,157
419135,Kolkata Knight Riders,181
419136,Punjab Kings,181
419136,Royal Challengers Bangalore,184
419137,Chennai Super Kings,246
419137,Rajasthan Royals,223
419138,Deccan Chargers,115
419138,Mumbai Indians,178
419139,Kolkata Knight Riders,200
419139,Punjab Kings,204
419140,Delhi Capitals,184
419140,Royal Challengers Bangalore,147
419141,Deccan Chargers,157
419141,Rajasthan Royals,159
419142,Chennai Super Kings,165
419142,Mumbai Indians,141
419143,Punjab Kings,153
419143,Rajasthan Royals,157
419144,Delhi Capitals,167
419144,Kolkata Knight Riders,181
419145,Deccan Chargers,186
419145,Royal Challengers Bangalore,184
419146,Mumbai Indians,154
419146,Punjab Kings,158
419147,Chennai Super Kings,138
419147,Deccan Chargers,139
419148,Kolkata Knight Riders,160
419148,Royal Challengers Bangalore,162
419149,Delhi Capitals,111
419149,Punjab Kings,112
419150,Mumbai Indians,174
419150,Rajasthan Royals,137
419151,Deccan Chargers,151
419151,Royal Challengers Bangalore,138
419152,Delhi Capitals,144
419152,Mumbai Indians,183
419153,Chennai Super Kings,143
419153,Kolkata Knight Riders,139
419154,Rajasthan Royals,130
419154,Royal Challengers Bangalore,132
419155,Chennai Super Kings,112
419155,Delhi Capitals,113
419156,Deccan Chargers,178
419156,Punjab Kings,174
419157,Mumbai Indians,191
419157,Royal Challengers Bangalore,134
419158,Kolkata Knight Riders,133
419158,Rajasthan Royals,132
419159,Chennai Super Kings,195
419159,Punjab Kings,192
419160,Deccan Chargers,145
419160,Delhi Capitals,134
419161,Kolkata Knight Riders,135
419161,Mumbai Indians,133
419162,Mumbai Indians,184
419162,Royal Challengers Bangalore,149
419163,Chennai Super Kings,142
419163,Deccan Chargers,104
419164,Deccan Chargers,82
419164,Royal Challengers Bangalore,86
419165,Chennai Super Kings,168
419165,Mumbai Indians,146
501198,Chennai Super Kings,153
501198,Kolkata Knight Riders,151
501199,Deccan Chargers,137
501199,Rajasthan Royals,141
501200,Kochi Tuskers Kerala,161
501200,Royal Challengers Bangalore,162
501201,Delhi Capitals,95
501201,Mumbai Indians,99
501202,Pune Warriors,113
501202,Punjab Kings,112
501203,Deccan Chargers,154
501203,Kolkata Knight Riders,163
501204,Delhi Capitals,151
501204,Rajasthan Royals,152
501205,Mumbai Indians,143
501205,Royal Challengers Bangalore,140
501206,Chennai Super Kings,188
501206,Punjab Kings,193
501207,Kochi Tuskers Kerala,148
501207,Pune Warriors,151
501208,Deccan Chargers,175
501208,Royal Challengers Bangalore,142
501209,Kolkata Knight Riders,160
501209,Rajasthan Royals,159
501210,Kochi Tuskers Kerala,184
501210,Mumbai Indians,182
501211,Chennai Super Kings,183
501211,Royal Challengers Bangalore,162
501212,Deccan Chargers,165
501212,Punjab Kings,166
501213,Delhi Capitals,190
501213,Pune Warriors,187
501214,Kolkata Knight Riders,85
501214,Rajasthan Royals,81
501215,Chennai Super Kings,131
501215,Kochi Tuskers Kerala,135
501216,Deccan Chargers,168
501216,Delhi Capitals,152
501218,Mumbai Indians,124
501218,Pune Warriors,118
501219,Kochi Tuskers Kerala,132
501219,Kolkata Knight Riders,126
501220,Punjab Kings,195
501220,Rajasthan Royals,147
501221,Chennai Super Kings,156
501221,Mumbai Indians,164
501222,Kolkata Knight Riders,171
501222,Royal Challengers Bangalore,175
501223,Delhi Capitals,231
501223,Punjab Kings,202
501224,Deccan Chargers,135
501224,Mumbai Indians,172
501225,Kochi Tuskers Kerala,109
501225,Rajasthan Royals,111
501226,Chennai Super Kings,142
501226,Pune Warriors,117
501227,Delhi Capitals,160
501227,Royal Challengers Bangalore,161
501228,Chennai Super Kings,145
501228,Pune Warriors,141
501229,Deccan Chargers,129
501229,Kochi Tuskers Kerala,74
501230,Delhi Capitals,131
501230,Kolkata Knight Riders,148
501231,Mumbai Indians,94
501231,Rajasthan Royals,95
501232,Pune Warriors,155
501232,Royal Challengers Bangalore,181
501233,Delhi Capitals,157
501233,Kochi Tuskers Kerala,119
501234,Kolkata Knight Riders,120
501234,Punjab Kings,119
501235,Pune Warriors,143
501235,Rajasthan Royals,144
501236,Chennai Super Kings,165
501236,Deccan Chargers,146
501237,Mumbai Indians,159
501237,Punjab Kings,136
501238,Delhi Capitals,140
501238,Kochi Tuskers Kerala,141
501239,Deccan Chargers,149
501239,Kolkata Knight Riders,169
501240,Chennai Super Kings,149
501240,Rajasthan Royals,147
501241,Mumbai Indians,160
501241,Pune Warriors,139
501242,Kochi Tuskers Kerala,156
501242,Kolkata Knight Riders,139
501243,Deccan Chargers,175
501243,Delhi Capitals,179
501244,Punjab Kings,120
501244,Royal Challengers Bangalore,205
501245,Chennai Super Kings,114
501245,Kolkata Knight Riders,61
501246,Delhi Capitals,146
501246,Mumbai Indians,178
501247,Kochi Tuskers Kerala,125
501247,Royal Challengers Bangalore,128
501248,Pune Warriors,120
501248,Punjab Kings,119
501249,Chennai Super Kings,196
501249,Rajasthan Royals,133
501250,Deccan Chargers,136
501250,Pune Warriors,137
501251,Mumbai Indians,87
501251,Punjab Kings,163
501252,Rajasthan Royals,146
501252,Royal Challengers Bangalore,151
501253,Chennai Super Kings,176
501253,Delhi Capitals,158
501254,Kochi Tuskers Kerala,178
501254,Punjab Kings,181
501255,Kolkata Knight Riders,89
501255,Royal Challengers Bangalore,105
501256,Deccan Chargers,135
501256,Mumbai Indians,125
501257,Delhi Capitals,141
501257,Punjab Kings,170
501258,Kochi Tuskers Kerala,98
501258,Rajasthan Royals,97
501259,Deccan Chargers,138
501259,Pune Warriors,136
501260,Punjab Kings,232
501260,Royal Challengers Bangalore,121
501261,Chennai Super Kings,152
501261,Kochi Tuskers Kerala,141
501262,Kolkata Knight Riders,119
501262,Pune Warriors,118
501263,Mumbai Indians,133
501263,Rajasthan Royals,134
501264,Deccan Chargers,198
501264,Punjab Kings,116
501265,Delhi Capitals,56
501266,Chennai Super Kings,128
501266,Royal Challengers Bangalore,129
501267,Kolkata Knight Riders,175
501267,Mumbai Indians,178
501268,Chennai Super Kings,177
501268,Royal Challengers Bangalore,175
501269,Kolkata Knight Riders,147
501269,Mumbai Indians,148
501270,Mumbai Indians,142
501270,Royal Challengers Bangalore,185
501271,Chennai Super Kings,205
501271,Royal Challengers Bangalore,147
548306,Chennai Super Kings,112
548306,Mumbai Indians,115
548307,Delhi Capitals,100
548307,Kolkata Knight Riders,97
548308,Mumbai Indians,101
548308,Pune Warriors,129
548309,Punjab Kings,160
548309,Rajasthan Royals,191
548310,Delhi Capitals,137
548310,Royal Challengers Bangalore,157
548311,Chennai Super Kings,193
548311,Deccan Chargers,119
548312,Kolkata Knight Riders,142
548312,Rajasthan Royals,164
548313,Pune Warriors,166
548313,Punjab Kings,144
548314,Deccan Chargers,138
548314,Mumbai Indians,142
548315,Kolkata Knight Riders,165
548315,Royal Challengers Bangalore,123
548316,Chennai Super Kings,110
548316,Delhi Capitals,111
548317,Mumbai Indians,197
548317,Rajasthan Royals,170
548318,Chennai Super Kings,208
548318,Royal Challengers Bangalore,205
548319,Pune Warriors,115
548319,Punjab Kings,116
548320,Kolkata Knight Riders,137
548320,Rajasthan Royals,131
548321,Deccan Chargers,157
548321,Delhi Capitals,162
548322,Chennai Super Kings,155
548322,Pune Warriors,156
548323,Kolkata Knight Riders,132
548323,Punjab Kings,134
548324,Rajasthan Royals,195
548324,Royal Challengers Bangalore,136
548325,Delhi Capitals,93
548325,Mumbai Indians,92
548326,Deccan Chargers,196
548326,Rajasthan Royals,197
548327,Pune Warriors,182
548327,Royal Challengers Bangalore,186
548328,Kolkata Knight Riders,127
548328,Punjab Kings,124
548329,Deccan Chargers,187
548329,Delhi Capitals,193
548330,Chennai Super Kings,164
548330,Pune Warriors,151
548331,Punjab Kings,163
548331,Royal Challengers Bangalore,166
548332,Chennai Super Kings,147
548332,Rajasthan Royals,146
548333,Delhi Capitals,172
548333,Pune Warriors,192
548334,Mumbai Indians,163
548334,Punjab Kings,164
548335,Deccan Chargers,126
548335,Kolkata Knight Riders,127
548336,Rajasthan Royals,143
548336,Royal Challengers Bangalore,189
548337,Delhi Capitals,148
548337,Pune Warriors,146
548339,Mumbai Indians,171
548339,Punjab Kings,168
548341,Deccan Chargers,177
548341,Pune Warriors,159
548342,Delhi Capitals,207
548342,Mumbai Indians,170
548343,Chennai Super Kings,149
548343,Punjab Kings,156
548344,Kolkata Knight Riders,190
548344,Royal Challengers Bangalore,143
548345,Delhi Capitals,152
548345,Rajasthan Royals,151
548346,Deccan Chargers,100
548346,Mumbai Indians,101
548347,Chennai Super Kings,139
548347,Kolkata Knight Riders,140
548348,Deccan Chargers,186
548348,Pune Warriors,173
548349,Delhi Capitals,144
548349,Rajasthan Royals,141
548350,Punjab Kings,163
548350,Royal Challengers Bangalore,158
548351,Mumbai Indians,120
548351,Pune Warriors,119
548352,Chennai Super Kings,160
548352,Deccan Chargers,150
548353,Kolkata Knight Riders,150
548353,Pune Warriors,143
548354,Punjab Kings,134
548354,Rajasthan Royals,177
548355,Chennai Super Kings,173
548355,Mumbai Indians,174
548356,Deccan Chargers,181
548356,Royal Challengers Bangalore,185
548357,Delhi Capitals,153
548357,Kolkata Knight Riders,154
548358,Pune Warriors,125
548358,Rajasthan Royals,126
548359,Deccan Chargers,145
548359,Punjab Kings,170
548360,Mumbai Indians,141
548360,Royal Challengers Bangalore,142
548361,Chennai Super Kings,127
548361,Rajasthan Royals,126
548362,Pune Warriors,138
548362,Royal Challengers Bangalore,173
548363,Kolkata Knight Riders,155
548363,Mumbai Indians,182
548364,Chennai Super Kings,115
548364,Delhi Capitals,114
548365,Pune Warriors,125
548365,Rajasthan Royals,170
548366,Deccan Chargers,190
548366,Punjab Kings,194
548367,Mumbai Indians,173
548367,Royal Challengers Bangalore,171
548368,Chennai Super Kings,160
548368,Kolkata Knight Riders,158
548369,Delhi Capitals,140
548369,Punjab Kings,136
548370,Kolkata Knight Riders,140
548370,Mumbai Indians,108
548371,Chennai Super Kings,120
548371,Punjab Kings,123
548372,Delhi Capitals,194
548372,Royal Challengers Bangalore,215
548373,Deccan Chargers,128
548373,Rajasthan Royals,126
548374,Delhi Capitals,145
548374,Punjab Kings,141
548375,Kolkata Knight Riders,136
548375,Pune Warriors,102
548376,Deccan Chargers,132
548376,Royal Challengers Bangalore,123
548377,Mumbai Indians,163
548377,Rajasthan Royals,162
548378,Delhi Capitals,144
548378,Kolkata Knight Riders,162
548379,Chennai Super Kings,187
548379,Mumbai Indians,149
548380,Chennai Super Kings,222
548380,Delhi Capitals,136
548381,Chennai Super Kings,190
548381,Kolkata Knight Riders,192
597998,Delhi Capitals,128
597998,Kolkata Knight Riders,129
597999,Mumbai Indians,154
597999,Royal Challengers Bangalore,156
598000,Pune Warriors,104
598000,Sunrisers Hyderabad,126
598001,Delhi Capitals,160
598001,Rajasthan Royals,165
598002,Chennai Super Kings,139
598002,Mumbai Indians,148
598003,Pune Warriors,99
598003,Punjab Kings,100
598004,Royal Challengers Bangalore,145
598004,Sunrisers Hyderabad,150
598005,Kolkata Knight Riders,125
598005,Rajasthan Royals,144
598006,Delhi Capitals,165
598006,Mumbai Indians,209
598007,Chennai Super Kings,139
598007,Punjab Kings,138
598008,Kolkata Knight Riders,154
598008,Royal Challengers Bangalore,158
598009,Pune Warriors,148
598009,Rajasthan Royals,145
598010,Delhi Capitals,114
598010,Sunrisers Hyderabad,115
598011,Mumbai Indians,183
598011,Pune Warriors,142
598012,Chennai Super Kings,166
598012,Royal Challengers Bangalore,165
598013,Kolkata Knight Riders,180
598013,Sunrisers Hyderabad,132
598014,Punjab Kings,124
598014,Rajasthan Royals,126
598015,Chennai Super Kings,135
598015,Pune Warriors,159
598016,Kolkata Knight Riders,153
598016,Punjab Kings,157
598017,Delhi Capitals,163
598017,Royal Challengers Bangalore,167
598018,Pune Warriors,108
598018,Sunrisers Hyderabad,119
598019,Mumbai Indians,92
598019,Rajasthan Royals,179
598020,Chennai Super Kings,169
598020,Delhi Capitals,83
598021,Punjab Kings,123
598021,Sunrisers Hyderabad,127
598022,Chennai Super Kings,124
598022,Kolkata Knight Riders,119
598023,Rajasthan Royals,117
598023,Royal Challengers Bangalore,123
598024,Delhi Capitals,165
598024,Mumbai Indians,161
598025,Pune Warriors,185
598025,Punjab Kings,186
598026,Chennai Super Kings,186
598026,Rajasthan Royals,185
598027,Pune Warriors,133
598027,Royal Challengers Bangalore,263
598028,Delhi Capitals,164
598028,Punjab Kings,171
598029,Kolkata Knight Riders,159
598029,Mumbai Indians,162
598030,Chennai Super Kings,160
598030,Sunrisers Hyderabad,159
598031,Kolkata Knight Riders,150
598031,Punjab Kings,149
598032,Rajasthan Royals,146
598032,Sunrisers Hyderabad,144
598033,Mumbai Indians,194
598033,Royal Challengers Bangalore,136
598034,Chennai Super Kings,200
598034,Kolkata Knight Riders,186
598035,Delhi Capitals,164
598035,Pune Warriors,149
598036,Rajasthan Royals,173
598036,Royal Challengers Bangalore,171
598037,Mumbai Indians,174
598037,Punjab Kings,170
598038,Chennai Super Kings,164
598038,Pune Warriors,127
598039,Mumbai Indians,129
598039,Sunrisers Hyderabad,130
598040,Delhi Capitals,137
598040,Kolkata Knight Riders,136
598041,Chennai Super Kings,186
598041,Punjab Kings,171
598042,Pune Warriors,170
598042,Royal Challengers Bangalore,187
598043,Kolkata Knight Riders,133
598043,Rajasthan Royals,132
598044,Delhi Capitals,80
598044,Sunrisers Hyderabad,81
598045,Punjab Kings,176
598045,Royal Challengers Bangalore,174
598046,Chennai Super Kings,79
598046,Mumbai Indians,139
598047,Pune Warriors,178
598047,Rajasthan Royals,182
598048,Royal Challengers Bangalore,162
598048,Sunrisers Hyderabad,161
598049,Delhi Capitals,154
598049,Rajasthan Royals,155
598050,Kolkata Knight Riders,105
598050,Mumbai Indians,170
598051,Chennai Super Kings,223
598051,Sunrisers Hyderabad,146
598052,Punjab Kings,145
598052,Rajasthan Royals,147
598053,Kolkata Knight Riders,152
598053,Pune Warriors,106
598054,Delhi Capitals,179
598054,Royal Challengers Bangalore,183
598055,Mumbai Indians,116
598055,Pune Warriors,112
598056,Punjab Kings,120
598056,Sunrisers Hyderabad,150
598057,Kolkata Knight Riders,116
598057,Royal Challengers Bangalore,115
598058,Chennai Super Kings,141
598058,Rajasthan Royals,144
598059,Delhi Capitals,120
598059,Punjab Kings,121
598060,Mumbai Indians,184
598060,Sunrisers Hyderabad,178
598061,Kolkata Knight Riders,163
598061,Pune Warriors,170
598062,Chennai Super Kings,168
598062,Delhi Capitals,135
598063,Mumbai Indians,166
598063,Rajasthan Royals,152
598064,Punjab Kings,194
598064,Royal Challengers Bangalore,190
598065,Rajasthan Royals,113
598065,Sunrisers Hyderabad,136
598066,Mumbai Indians,133
598066,Punjab Kings,183
598067,Delhi Capitals,134
598067,Pune Warriors,172
598068,Chennai Super Kings,82
598068,Royal Challengers Bangalore,106
598069,Kolkata Knight Riders,130
598069,Sunrisers Hyderabad,132
598070,Chennai Super Kings,192
598070,Mumbai Indians,144
598071,Rajasthan Royals,135
598071,Sunrisers Hyderabad,132
598072,Mumbai Indians,169
598072,Rajasthan Royals,165
598073,Chennai Super Kings,125
598073,Mumbai Indians,148
729279,Kolkata Knight Riders,163
729279,Mumbai Indians,122
729281,Delhi Capitals,145
729281,Royal Challengers Bangalore,146
729283,Chennai Super Kings,205
729283,Punjab Kings,206
729285,Rajasthan Royals,135
729285,Sunrisers Hyderabad,133
729287,Mumbai Indians,115
729287,Royal Challengers Bangalore,116
729289,Delhi Capitals,167
729289,Kolkata Knight Riders,166
729291,Punjab Kings,193
729291,Rajasthan Royals,191
729293,Chennai Super Kings,177
729293,Delhi Capitals,84
729295,Punjab Kings,193
729295,Sunrisers Hyderabad,121
729297,Chennai Super Kings,140
729297,Rajasthan Royals,133
729299,Kolkata Knight Riders,150
729299,Royal Challengers Bangalore,148
729301,Delhi Capitals,180
729301,Sunrisers Hyderabad,184
729303,Chennai Super Kings,142
729303,Mumbai Indians,141
729305,Rajasthan Royals,71
729305,Royal Challengers Bangalore,70
729307,Kolkata Knight Riders,109
729307,Punjab Kings,132
729309,Delhi Capitals,126
729309,Mumbai Indians,125
729311,Chennai Super Kings,146
729311,Sunrisers Hyderabad,145
729313,Punjab Kings,127
729313,Royal Challengers Bangalore,124
729315,Kolkata Knight Riders,163
729315,Rajasthan Royals,163
729317,Mumbai Indians,157
729317,Sunrisers Hyderabad,172
733971,Chennai Super Kings,148
733971,Kolkata Knight Riders,114
733973,Mumbai Indians,170
733973,Punjab Kings,168
733975,Delhi Capitals,152
733975,Rajasthan Royals,156
733977,Royal Challengers Bangalore,158
733977,Sunrisers Hyderabad,155
733979,Kolkata Knight Riders,160
733979,Rajasthan Royals,170
733981,Chennai Super Kings,181
733981,Delhi Capitals,178
733983,Mumbai Indians,187
733983,Royal Challengers Bangalore,168
733985,Delhi Capitals,160
733985,Kolkata Knight Riders,161
733987,Chennai Super Kings,187
733987,Punjab Kings,231
733989,Rajasthan Royals,102
733989,Sunrisers Hyderabad,134
733991,Punjab Kings,198
733991,Royal Challengers Bangalore,166
733993,Delhi Capitals,143
733993,Sunrisers Hyderabad,44
733995,Chennai Super Kings,160
733995,Mumbai Indians,157
733997,Kolkata Knight Riders,150
733997,Punjab Kings,149
733999,Rajasthan Royals,191
733999,Royal Challengers Bangalore,190
734001,Mumbai Indians,160
734001,Sunrisers Hyderabad,157
734003,Chennai Super Kings,149
734003,Rajasthan Royals,148
734005,Delhi Capitals,170
734005,Royal Challengers Bangalore,186
734007,Punjab Kings,211
734007,Sunrisers Hyderabad,205
734009,Kolkata Knight Riders,142
734009,Mumbai Indians,141
734011,Delhi Capitals,139
734011,Rajasthan Royals,201
734013,Chennai Super Kings,138
734013,Royal Challengers Bangalore,142
734015,Kolkata Knight Riders,146
734015,Sunrisers Hyderabad,142
734017,Mumbai Indians,178
734017,Rajasthan Royals,153
734019,Delhi Capitals,164
734019,Punjab Kings,165
734021,Royal Challengers Bangalore,160
734021,Sunrisers Hyderabad,161
734023,Chennai Super Kings,154
734023,Kolkata Knight Riders,156
734025,Mumbai Indians,159
734025,Punjab Kings,156
734027,Kolkata Knight Riders,195
734027,Royal Challengers Bangalore,165
734029,Chennai Super Kings,185
734029,Sunrisers Hyderabad,189
734031,Delhi Capitals,158
734031,Mumbai Indians,173
734033,Punjab Kings,179
734033,Rajasthan Royals,163
734035,Chennai Super Kings,160
734035,Royal Challengers Bangalore,154
734037,Kolkata Knight Riders,161
734037,Sunrisers Hyderabad,160
734039,Delhi Capitals,115
734039,Punjab Kings,119
734041,Mumbai Indians,195
734041,Rajasthan Royals,189
734043,Kolkata Knight Riders,163
734043,Punjab Kings,135
734045,Chennai Super Kings,176
734045,Mumbai Indians,173
734047,Chennai Super Kings,202
734047,Punjab Kings,226
734049,Kolkata Knight Riders,200
734049,Punjab Kings,199
829705,Kolkata Knight Riders,170
829705,Mumbai Indians,168
829707,Chennai Super Kings,150
829707,Delhi Capitals,149
829709,Punjab Kings,136
829709,Rajasthan Royals,162
829711,Chennai Super Kings,209
829711,Sunrisers Hyderabad,164
829713,Kolkata Knight Riders,177
829713,Royal Challengers Bangalore,179
829715,Delhi Capitals,184
829715,Rajasthan Royals,186
829717,Mumbai Indians,159
829717,Punjab Kings,177
829719,Royal Challengers Bangalore,166
829719,Sunrisers Hyderabad,172
829721,Mumbai Indians,164
829721,Rajasthan Royals,165
829723,Chennai Super Kings,165
829723,Kolkata Knight Riders,169
829725,Delhi Capitals,169
829725,Punjab Kings,165
829727,Rajasthan Royals,131
829727,Sunrisers Hyderabad,127
829729,Chennai Super Kings,189
829729,Mumbai Indians,183
829731,Delhi Capitals,167
829731,Sunrisers Hyderabad,163
829733,Kolkata Knight Riders,159
829733,Punjab Kings,155
829735,Chennai Super Kings,156
829735,Rajasthan Royals,157
829737,Mumbai Indians,209
829737,Royal Challengers Bangalore,191
829739,Delhi Capitals,146
829739,Kolkata Knight Riders,147
829741,Punjab Kings,206
829741,Rajasthan Royals,197
829743,Kolkata Knight Riders,101
829743,Sunrisers Hyderabad,176
829745,Chennai Super Kings,181
829745,Royal Challengers Bangalore,154
829747,Delhi Capitals,190
829747,Mumbai Indians,153
829749,Rajasthan Royals,130
829749,Royal Challengers Bangalore,134
829751,Mumbai Indians,157
829751,Sunrisers Hyderabad,137
829753,Chennai Super Kings,192
829753,Punjab Kings,95
829757,Delhi Capitals,95
829757,Royal Challengers Bangalore,99
829759,Punjab Kings,130
829759,Sunrisers Hyderabad,150
829761,Delhi Capitals,158
829761,Kolkata Knight Riders,171
829763,Royal Challengers Bangalore,200
829765,Chennai Super Kings,134
829765,Kolkata Knight Riders,132
829767,Delhi Capitals,119
829767,Punjab Kings,118
829769,Mumbai Indians,187
829769,Rajasthan Royals,179
829771,Kolkata Knight Riders,111
829771,Royal Challengers Bangalore,115
829773,Chennai Super Kings,170
829773,Sunrisers Hyderabad,192
829775,Mumbai Indians,172
829775,Punjab Kings,149
829777,Delhi Capitals,175
829777,Rajasthan Royals,189
829779,Chennai Super Kings,148
829779,Royal Challengers Bangalore,124
829781,Kolkata Knight Riders,167
829781,Sunrisers Hyderabad,132
829783,Delhi Capitals,152
829783,Mumbai Indians,153
829785,Punjab Kings,88
829785,Royal Challengers Bangalore,226
829787,Rajasthan Royals,194
829787,Sunrisers Hyderabad,201
829789,Chennai Super Kings,158
829789,Mumbai Indians,159
829791,Kolkata Knight Riders,184
829791,Punjab Kings,183
829793,Delhi Capitals,157
829793,Sunrisers Hyderabad,163
829795,Mumbai Indians,196
829795,Royal Challengers Bangalore,235
829797,Chennai Super Kings,157
829797,Rajasthan Royals,145
829799,Punjab Kings,180
829799,Sunrisers Hyderabad,185
829801,Chennai Super Kings,119
829801,Delhi Capitals,120
829803,Punjab Kings,106
829803,Royal Challengers Bangalore,84
829805,Kolkata Knight Riders,166
829805,Mumbai Indians,171
829807,Royal Challengers Bangalore,83
829807,Sunrisers Hyderabad,135
829809,Chennai Super Kings,134
829809,Punjab Kings,130
829811,Kolkata Knight Riders,190
829811,Rajasthan Royals,199
829813,Delhi Capitals,187
829813,Royal Challengers Bangalore,2
829815,Mumbai Indians,114
829815,Sunrisers Hyderabad,113
829817,Chennai Super Kings,162
829817,Mumbai Indians,187
829819,Rajasthan Royals,109
829819,Royal Challengers Bangalore,180
829821,Chennai Super Kings,140
829821,Royal Challengers Bangalore,139
829823,Chennai Super Kings,161
829823,Mumbai Indians,202
980901,Mumbai Indians,121
980901,Rising Pune Supergiants,126
980903,Delhi Capitals,98
980903,Kolkata Knight Riders,99
980905,Gujarat Lions,162
980905,Punjab Kings,161
980907,Royal Challengers Bangalore,227
980907,Sunrisers Hyderabad,182
980909,Kolkata Knight Riders,187
980909,Mumbai Indians,188
980911,Gujarat Lions,164
980911,Rising Pune Supergiants,163
980913,Delhi Capitals,113
980913,Punjab Kings,111
980915,Kolkata Knight Riders,146
980915,Sunrisers Hyderabad,142
980917,Gujarat Lions,147
980917,Mumbai Indians,143
980919,Punjab Kings,153
980919,Rising Pune Supergiants,152
980921,Delhi Capitals,192
980921,Royal Challengers Bangalore,191
980923,Mumbai Indians,142
980923,Sunrisers Hyderabad,145
980925,Kolkata Knight Riders,141
980925,Punjab Kings,138
980927,Mumbai Indians,171
980927,Royal Challengers Bangalore,170
980929,Gujarat Lions,135
980929,Sunrisers Hyderabad,137
980931,Rising Pune Supergiants,172
980931,Royal Challengers Bangalore,185
980933,Delhi Capitals,164
980933,Mumbai Indians,154
980935,Punjab Kings,143
980935,Sunrisers Hyderabad,146
980937,Gujarat Lions,182
980937,Royal Challengers Bangalore,180
980939,Kolkata Knight Riders,162
980939,Rising Pune Supergiants,160
980941,Mumbai Indians,189
980941,Punjab Kings,164
980943,Rising Pune Supergiants,94
980943,Sunrisers Hyderabad,118
980945,Delhi Capitals,171
980945,Gujarat Lions,172
980947,Kolkata Knight Riders,174
980947,Mumbai Indians,178
980949,Gujarat Lions,196
980949,Rising Pune Supergiants,195
980951,Delhi Capitals,186
980951,Kolkata Knight Riders,159
980953,Royal Challengers Bangalore,179
980953,Sunrisers Hyderabad,194
980955,Gujarat Lions,131
980955,Punjab Kings,154
980957,Mumbai Indians,161
980957,Rising Pune Supergiants,159
980959,Kolkata Knight Riders,189
980959,Royal Challengers Bangalore,185
980961,Delhi Capitals,150
980961,Gujarat Lions,149
980963,Kolkata Knight Riders,164
980963,Punjab Kings,157
980965,Delhi Capitals,162
980965,Rising Pune Supergiants,166
980967,Gujarat Lions,126
980967,Sunrisers Hyderabad,129
980969,Rising Pune Supergiants,191
980969,Royal Challengers Bangalore,195
980971,Delhi Capitals,172
980971,Punjab Kings,181
980973,Mumbai Indians,92
980973,Sunrisers Hyderabad,177
980975,Gujarat Lions,164
980975,Kolkata Knight Riders,158
980977,Punjab Kings,174
980977,Royal Challengers Bangalore,175
980979,Rising Pune Supergiants,133
980979,Sunrisers Hyderabad,137
980981,Mumbai Indians,153
980981,Royal Challengers Bangalore,151
980983,Delhi Capitals,150
980983,Sunrisers Hyderabad,146
980985,Mumbai Indians,124
980985,Punjab Kings,127
980987,Gujarat Lions,104
980987,Royal Challengers Bangalore,248
980989,Kolkata Knight Riders,66
980989,Rising Pune Supergiants,103
980991,Punjab Kings,179
980991,Sunrisers Hyderabad,180
980993,Delhi Capitals,126
980993,Mumbai Indians,206
980995,Kolkata Knight Riders,183
980995,Royal Challengers Bangalore,186
980997,Delhi Capitals,121
980997,Rising Pune Supergiants,76
980999,Punjab Kings,120
980999,Royal Challengers Bangalore,211
981001,Gujarat Lions,125
981001,Kolkata Knight Riders,124
981003,Delhi Capitals,161
981003,Sunrisers Hyderabad,158
981005,Punjab Kings,172
981005,Rising Pune Supergiants,173
981007,Gujarat Lions,173
981007,Mumbai Indians,172
981009,Kolkata Knight Riders,171
981009,Sunrisers Hyderabad,149
981011,Delhi Capitals,138
981011,Royal Challengers Bangalore,139
981013,Gujarat Lions,158
981013,Royal Challengers Bangalore,159
981015,Kolkata Knight Riders,140
981015,Sunrisers Hyderabad,162
981017,Gujarat Lions,162
981017,Sunrisers Hyderabad,163
981019,Royal Challengers Bangalore,200
981019,Sunrisers Hyderabad,208
1082591,Royal Challengers Bangalore,172
1082591,Sunrisers Hyderabad,207
1082592,Mumbai Indians,184
1082592,Rising Pune Supergiant,187
1082593,Gujarat Lions,183
1082593,Kolkata Knight Riders,184
1082594,Punjab Kings,164
1082594,Rising Pune Supergiant,163
1082595,Delhi Capitals,142
1082595,Royal Challengers Bangalore,157
1082596,Gujarat Lions,135
1082596,Sunrisers Hyderabad,140
1082597,Kolkata Knight Riders,178
1082597,Mumbai Indians,180
1082598,Punjab Kings,150
1082598,Royal Challengers Bangalore,148
1082599,Delhi Capitals,205
1082599,Rising Pune Supergiant,108
1082600,Mumbai Indians,159
1082600,Sunrisers Hyderabad,158
1082601,Kolkata Knight Riders,171
1082601,Punjab Kings,170
1082602,Mumbai Indians,145
1082602,Royal Challengers Bangalore,142
1082603,Gujarat Lions,172
1082603,Rising Pune Supergiant,171
1082604,Kolkata Knight Riders,172
1082604,Sunrisers Hyderabad,155
1082605,Delhi Capitals,188
1082605,Punjab Kings,137
1082606,Gujarat Lions,176
1082606,Mumbai Indians,177
1082607,Rising Pune Supergiant,161
1082607,Royal Challengers Bangalore,134
1082608,Delhi Capitals,168
1082608,Kolkata Knight Riders,169
1082609,Punjab Kings,154
1082609,Sunrisers Hyderabad,159
1082610,Gujarat Lions,192
1082610,Royal Challengers Bangalore,213
1082611,Delhi Capitals,176
1082611,Sunrisers Hyderabad,191
1082612,Mumbai Indians,199
1082612,Punjab Kings,198
1082613,Gujarat Lions,188
1082613,Kolkata Knight Riders,187
1082614,Delhi Capitals,128
1082614,Mumbai Indians,142
1082615,Rising Pune Supergiant,179
1082615,Sunrisers Hyderabad,176
1082616,Gujarat Lions,162
1082616,Punjab Kings,188
1082617,Kolkata Knight Riders,131
1082617,Royal Challengers Bangalore,49
1082618,Mumbai Indians,157
1082618,Rising Pune Supergiant,160
1082620,Kolkata Knight Riders,184
1082620,Rising Pune Supergiant,182
1082621,Gujarat Lions,135
1082621,Royal Challengers Bangalore,134
1082622,Delhi Capitals,160
1082622,Kolkata Knight Riders,161
1082623,Punjab Kings,181
1082623,Sunrisers Hyderabad,207
1082624,Rising Pune Supergiant,157
1082624,Royal Challengers Bangalore,96
1082625,Gujarat Lions,159
1082625,Mumbai Indians,164
1082626,Delhi Capitals,67
1082626,Punjab Kings,68
1082627,Kolkata Knight Riders,161
1082627,Sunrisers Hyderabad,209
1082628,Mumbai Indians,165
1082628,Royal Challengers Bangalore,162
1082629,Gujarat Lions,161
1082629,Rising Pune Supergiant,167
1082630,Delhi Capitals,189
1082630,Sunrisers Hyderabad,185
1082631,Kolkata Knight Riders,155
1082631,Rising Pune Supergiant,158
1082632,Delhi Capitals,214
1082632,Gujarat Lions,208
1082633,Punjab Kings,138
1082633,Royal Challengers Bangalore,119
1082634,Rising Pune Supergiant,148
1082634,Sunrisers Hyderabad,136
1082635,Delhi Capitals,66
1082635,Mumbai Indians,212
1082636,Kolkata Knight Riders,159
1082636,Royal Challengers Bangalore,158
1082637,Gujarat Lions,192
1082637,Punjab Kings,189
1082638,Mumbai Indians,138
1082638,Sunrisers Hyderabad,140
1082639,Kolkata Knight Riders,153
1082639,Punjab Kings,167
1082640,Delhi Capitals,197
1082640,Gujarat Lions,195
1082641,Mumbai Indians,223
1082641,Punjab Kings,230
1082642,Delhi Capitals,168
1082642,Rising Pune Supergiant,161
1082643,Gujarat Lions,154
1082643,Sunrisers Hyderabad,158
1082644,Kolkata Knight Riders,164
1082644,Mumbai Indians,173
1082645,Punjab Kings,73
1082645,Rising Pune Supergiant,78
1082646,Delhi Capitals,151
1082646,Royal Challengers Bangalore,161
1082647,Mumbai Indians,142
1082647,Rising Pune Supergiant,162
1082648,Kolkata Knight Riders,48
1082648,Sunrisers Hyderabad,128
1082649,Kolkata Knight Riders,107
1082649,Mumbai Indians,111
1082650,Mumbai Indians,129
1082650,Rising Pune Supergiant,128
1136561,Chennai Super Kings,169
1136561,Mumbai Indians,165
1136562,Delhi Capitals,166
1136562,Punjab Kings,167
1136563,Kolkata Knight Riders,177
1136563,Royal Challengers Bangalore,176
1136564,Rajasthan Royals,125
1136564,Sunrisers Hyderabad,127
1136565,Chennai Super Kings,205
1136565,Kolkata Knight Riders,202
1136566,Delhi Capitals,60
1136566,Rajasthan Royals,153
1136567,Mumbai Indians,147
1136567,Sunrisers Hyderabad,151
1136568,Punjab Kings,155
1136568,Royal Challengers Bangalore,159
1136569,Delhi Capitals,195
1136569,Mumbai Indians,194
1136570,Kolkata Knight Riders,138
1136570,Sunrisers Hyderabad,139
1136571,Rajasthan Royals,217
1136571,Royal Challengers Bangalore,198
1136572,Chennai Super Kings,193
1136572,Punjab Kings,197
1136573,Delhi Capitals,129
1136573,Kolkata Knight Riders,200
1136574,Mumbai Indians,213
1136574,Royal Challengers Bangalore,167
1136575,Kolkata Knight Riders,163
1136575,Rajasthan Royals,160
1136576,Punjab Kings,193
1136576,Sunrisers Hyderabad,178
1136577,Chennai Super Kings,204
1136577,Rajasthan Royals,140
1136578,Kolkata Knight Riders,191
1136578,Punjab Kings,126
1136579,Delhi Capitals,174
1136579,Royal Challengers Bangalore,176
1136580,Chennai Super Kings,182
1136580,Sunrisers Hyderabad,178
1136581,Mumbai Indians,167
1136581,Rajasthan Royals,168
1136582,Delhi Capitals,139
1136582,Punjab Kings,143
1136583,Mumbai Indians,87
1136583,Sunrisers Hyderabad,118
1136584,Chennai Super Kings,207
1136584,Royal Challengers Bangalore,205
1136585,Punjab Kings,119
1136585,Sunrisers Hyderabad,132
1136586,Delhi Capitals,219
1136586,Kolkata Knight Riders,164
1136587,Chennai Super Kings,169
1136587,Mumbai Indians,170
1136588,Rajasthan Royals,140
1136588,Sunrisers Hyderabad,151
1136589,Kolkata Knight Riders,176
1136589,Royal Challengers Bangalore,175
1136590,Chennai Super Kings,211
1136590,Delhi Capitals,198
1136591,Mumbai Indians,153
1136591,Royal Challengers Bangalore,167
1136592,Delhi Capitals,196
1136592,Rajasthan Royals,146
1136593,Chennai Super Kings,177
1136593,Kolkata Knight Riders,180
1136594,Mumbai Indians,176
1136594,Punjab Kings,174
1136595,Chennai Super Kings,128
1136595,Royal Challengers Bangalore,127
1136596,Delhi Capitals,163
1136596,Sunrisers Hyderabad,164
1136597,Kolkata Knight Riders,168
1136597,Mumbai Indians,181
1136598,Punjab Kings,155
1136598,Rajasthan Royals,152
1136599,Royal Challengers Bangalore,141
1136599,Sunrisers Hyderabad,146
1136600,Punjab Kings,143
1136600,Rajasthan Royals,158
1136601,Kolkata Knight Riders,108
1136601,Mumbai Indians,210
1136602,Delhi Capitals,187
1136602,Sunrisers Hyderabad,191
1136603,Chennai Super Kings,176
1136603,Rajasthan Royals,177
1136604,Kolkata Knight Riders,245
1136604,Punjab Kings,214
1136605,Delhi Capitals,181
1136605,Royal Challengers Bangalore,187
1136606,Chennai Super Kings,180
1136606,Sunrisers Hyderabad,179
1136607,Mumbai Indians,168
1136607,Rajasthan Royals,171
1136608,Punjab Kings,88
1136608,Royal Challengers Bangalore,92
1136609,Kolkata Knight Riders,145
1136609,Rajasthan Royals,142
1136610,Mumbai Indians,186
1136610,Punjab Kings,183
1136611,Royal Challengers Bangalore,218
1136611,Sunrisers Hyderabad,204
1136612,Chennai Super Kings,128
1136612,Delhi Capitals,162
1136613,Rajasthan Royals,164
1136613,Royal Challengers Bangalore,134
1136614,Kolkata Knight Riders,173
1136614,Sunrisers Hyderabad,172
1136615,Delhi Capitals,174
1136615,Mumbai Indians,163
1136616,Chennai Super Kings,159
1136616,Punjab Kings,153
1136617,Chennai Super Kings,140
1136617,Sunrisers Hyderabad,139
1136618,Kolkata Knight Riders,169
1136618,Rajasthan Royals,144
1136619,Kolkata Knight Riders,160
1136619,Sunrisers Hyderabad,174
1136620,Chennai Super Kings,181
1136620,Sunrisers Hyderabad,178
1175356,Chennai Super Kings,71
1175356,Royal Challengers Bangalore,70
1175357,Kolkata Knight Riders,183
1175357,Sunrisers Hyderabad,181
1175358,Delhi Capitals,213
1175358,Mumbai Indians,176
1175359,Punjab Kings,184
1175359,Rajasthan Royals,170
1175360,Chennai Super Kings,150
1175360,Delhi Capitals,147
1175361,Kolkata Knight Riders,218
1175361,Punjab Kings,190
1175362,Mumbai Indians,187
1175362,Royal Challengers Bangalore,181
1175363,Rajasthan Royals,198
1175363,Sunrisers Hyderabad,201
1175364,Mumbai Indians,176
1175364,Punjab Kings,177
1175365,Delhi Capitals,195
1175365,Kolkata Knight Riders,192
1175366,Royal Challengers Bangalore,113
1175366,Sunrisers Hyderabad,231
1175367,Chennai Super Kings,175
1175367,Rajasthan Royals,167
1175368,Delhi Capitals,152
1175368,Punjab Kings,166
1175369,Rajasthan Royals,164
1175369,Royal Challengers Bangalore,158
1175370,Chennai Super Kings,133
1175370,Mumbai Indians,170
1175371,Delhi Capitals,129
1175371,Sunrisers Hyderabad,131
1175372,Kolkata Knight Riders,206
1175372,Royal Challengers Bangalore,205
1178393,Chennai Super Kings,160
1178393,Punjab Kings,138
1178394,Mumbai Indians,136
1178394,Sunrisers Hyderabad,96
1178395,Delhi Capitals,152
1178395,Royal Challengers Bangalore,149
1178396,Kolkata Knight Riders,140
1178396,Rajasthan Royals,139
1178397,Punjab Kings,151
1178397,Sunrisers Hyderabad,150
1178398,Chennai Super Kings,111
1178398,Kolkata Knight Riders,108
1178399,Mumbai Indians,198
1178399,Punjab Kings,197
1178400,Chennai Super Kings,155
1178400,Rajasthan Royals,151
1178401,Delhi Capitals,180
1178401,Kolkata Knight Riders,178
1178402,Mumbai Indians,187
1178402,Rajasthan Royals,188
1178403,Punjab Kings,173
1178403,Royal Challengers Bangalore,174
1178404,Chennai Super Kings,162
1178404,Kolkata Knight Riders,161
1178405,Delhi Capitals,155
1178405,Sunrisers Hyderabad,116
1178406,Mumbai Indians,172
1178406,Royal Challengers Bangalore,171
1178407,Punjab Kings,182
1178407,Rajasthan Royals,170
1178408,Chennai Super Kings,132
1178408,Sunrisers Hyderabad,137
1178409,Delhi Capitals,128
1178409,Mumbai Indians,168
1178410,Kolkata Knight Riders,203
1178410,Royal Challengers Bangalore,213
1178411,Mumbai Indians,161
1178411,Rajasthan Royals,162
1178412,Delhi Capitals,166
1178412,Punjab Kings,163
1178413,Kolkata Knight Riders,159
1178413,Sunrisers Hyderabad,161
1178414,Chennai Super Kings,160
1178414,Royal Challengers Bangalore,161
1178415,Delhi Capitals,193
1178415,Rajasthan Royals,191
1178416,Chennai Super Kings,176
1178416,Sunrisers Hyderabad,175
1178417,Punjab Kings,185
1178417,Royal Challengers Bangalore,202
1178418,Kolkata Knight Riders,175
1178418,Rajasthan Royals,177
1178419,Chennai Super Kings,109
1178419,Mumbai Indians,155
1178420,Rajasthan Royals,161
1178420,Sunrisers Hyderabad,160
1178421,Delhi Capitals,187
1178421,Royal Challengers Bangalore,171
1178422,Kolkata Knight Riders,232
1178422,Mumbai Indians,198
1178423,Punjab Kings,167
1178423,Sunrisers Hyderabad,212
1178424,Rajasthan Royals,41
1178424,Royal Challengers Bangalore,62
1178425,Chennai Super Kings,179
1178425,Delhi Capitals,99
1178426,Mumbai Indians,171
1178426,Sunrisers Hyderabad,170
1178427,Kolkata Knight Riders,185
1178427,Punjab Kings,183
1178428,Delhi Capitals,121
1178428,Rajasthan Royals,115
1178429,Royal Challengers Bangalore,178
1178429,Sunrisers Hyderabad,175
1178430,Chennai Super Kings,170
1178430,Punjab Kings,173
1178431,Kolkata Knight Riders,133
1178431,Mumbai Indians,134
1181764,Chennai Super Kings,131
1181764,Mumbai Indians,132
1181766,Delhi Capitals,165
1181766,Sunrisers Hyderabad,162
1181767,Chennai Super Kings,151
1181767,Delhi Capitals,147
1181768,Chennai Super Kings,148
1181768,Mumbai Indians,149
1216492,Chennai Super Kings,166
1216492,Mumbai Indians,162
1216493,Delhi Capitals,160
1216493,Punjab Kings,159
1216494,Kolkata Knight Riders,84
1216494,Royal Challengers Bangalore,85
1216495,Mumbai Indians,149
1216495,Sunrisers Hyderabad,151
1216496,Chennai Super Kings,200
1216496,Rajasthan Royals,216
1216497,Delhi Capitals,135
1216497,Kolkata Knight Riders,194
1216498,Punjab Kings,126
1216498,Sunrisers Hyderabad,114
1216499,Mumbai Indians,166
1216499,Royal Challengers Bangalore,164
1216500,Delhi Capitals,184
1216500,Rajasthan Royals,138
1216501,Chennai Super Kings,157
1216501,Kolkata Knight Riders,167
1216502,Royal Challengers Bangalore,120
1216502,Sunrisers Hyderabad,121
1216503,Mumbai Indians,191
1216503,Punjab Kings,143
1216504,Kolkata Knight Riders,174
1216504,Rajasthan Royals,137
1216505,Delhi Capitals,154
1216505,Royal Challengers Bangalore,152
1216506,Chennai Super Kings,154
1216506,Punjab Kings,153
1216507,Rajasthan Royals,163
1216507,Sunrisers Hyderabad,158
1216508,Kolkata Knight Riders,146
1216508,Mumbai Indians,195
1216509,Chennai Super Kings,179
1216509,Delhi Capitals,185
1216510,Punjab Kings,206
1216510,Royal Challengers Bangalore,109
1216511,Mumbai Indians,193
1216511,Rajasthan Royals,136
1216512,Kolkata Knight Riders,166
1216512,Sunrisers Hyderabad,165
1216513,Chennai Super Kings,181
1216513,Punjab Kings,178
1216514,Rajasthan Royals,154
1216514,Royal Challengers Bangalore,158
1216515,Delhi Capitals,228
1216515,Kolkata Knight Riders,210
1216516,Chennai Super Kings,157
1216516,Sunrisers Hyderabad,164
1216517,Mumbai Indians,192
1216517,Punjab Kings,196
1216518,Rajasthan Royals,154
1216518,Sunrisers Hyderabad,156
1216519,Delhi Capitals,196
1216519,Royal Challengers Bangalore,137
1216520,Kolkata Knight Riders,149
1216520,Punjab Kings,150
1216521,Chennai Super Kings,114
1216521,Mumbai Indians,116
1216522,Rajasthan Royals,177
1216522,Royal Challengers Bangalore,179
1216523,Kolkata Knight Riders,164
1216523,Punjab Kings,162
1216524,Delhi Capitals,131
1216524,Sunrisers Hyderabad,219
1216525,Chennai Super Kings,132
1216525,Royal Challengers Bangalore,169
1216526,Kolkata Knight Riders,148
1216526,Mumbai Indians,149
1216527,Punjab Kings,223
1216527,Rajasthan Royals,226
1216528,Chennai Super Kings,167
1216528,Sunrisers Hyderabad,147
1216529,Delhi Capitals,162
1216529,Mumbai Indians,166
1216530,Kolkata Knight Riders,191
1216530,Rajasthan Royals,131
1216531,Punjab Kings,177
1216531,Royal Challengers Bangalore,171
1216532,Delhi Capitals,147
1216532,Sunrisers Hyderabad,162
1216533,Chennai Super Kings,125
1216533,Rajasthan Royals,126
1216534,Royal Challengers Bangalore,163
1216534,Sunrisers Hyderabad,153
1216535,Delhi Capitals,110
1216535,Mumbai Indians,111
1216536,Chennai Super Kings,178
1216536,Kolkata Knight Riders,172
1216537,Punjab Kings,185
1216537,Rajasthan Royals,186
1216538,Mumbai Indians,208
1216538,Sunrisers Hyderabad,174
1216539,Chennai Super Kings,131
1216539,Delhi Capitals,175
1216540,Kolkata Knight Riders,112
1216540,Royal Challengers Bangalore,194
1216541,Mumbai Indians,195
1216541,Rajasthan Royals,196
1216542,Punjab Kings,132
1216542,Sunrisers Hyderabad,201
1216543,Delhi Capitals,161
1216543,Rajasthan Royals,148
1216544,Chennai Super Kings,150
1216544,Royal Challengers Bangalore,145
1216545,Kolkata Knight Riders,145
1216545,Sunrisers Hyderabad,142
1216546,Delhi Capitals,164
1216546,Punjab Kings,167
1216547,Mumbai Indians,208
1216547,Royal Challengers Bangalore,212
1237177,Delhi Capitals,143
1237177,Mumbai Indians,200
1237178,Royal Challengers Bangalore,131
1237178,Sunrisers Hyderabad,132
1237180,Delhi Capitals,189
1237180,Sunrisers Hyderabad,172
1237181,Delhi Capitals,156
1237181,Mumbai Indians,157
1254058,Mumbai Indians,159
1254058,Royal Challengers Bangalore,160
1254059,Chennai Super Kings,188
1254059,Delhi Capitals,190
1254060,Kolkata Knight Riders,187
1254060,Sunrisers Hyderabad,177
1254061,Punjab Kings,221
1254061,Rajasthan Royals,217
1254062,Kolkata Knight Riders,142
1254062,Mumbai Indians,152
1254063,Royal Challengers Bangalore,149
1254063,Sunrisers Hyderabad,143
1254064,Delhi Capitals,147
1254064,Rajasthan Royals,150
1254065,Chennai Super Kings,107
1254065,Punjab Kings,106
1254066,Mumbai Indians,150
1254066,Sunrisers Hyderabad,137
1254067,Kolkata Knight Riders,166
1254067,Royal Challengers Bangalore,204
1254068,Delhi Capitals,198
1254068,Punjab Kings,195
1254069,Chennai Super Kings,188
1254069,Rajasthan Royals,143
1254070,Delhi Capitals,138
1254070,Mumbai Indians,137
1254071,Punjab Kings,120
1254071,Sunrisers Hyderabad,121
1254072,Chennai Super Kings,220
1254072,Kolkata Knight Riders,202
1254073,Rajasthan Royals,177
1254073,Royal Challengers Bangalore,181
1254074,Mumbai Indians,131
1254074,Punjab Kings,132
1254075,Kolkata Knight Riders,133
1254075,Rajasthan Royals,134
1254076,Chennai Super Kings,191
1254076,Royal Challengers Bangalore,122
1254077,Delhi Capitals,167
1254077,Sunrisers Hyderabad,166
1254078,Kolkata Knight Riders,126
1254078,Punjab Kings,123
1254079,Delhi Capitals,170
1254079,Royal Challengers Bangalore,171
1254080,Chennai Super Kings,173
1254080,Sunrisers Hyderabad,171
1254081,Mumbai Indians,172
1254081,Rajasthan Royals,171
1254082,Delhi Capitals,156
1254082,Kolkata Knight Riders,154
1254083,Punjab Kings,179
1254083,Royal Challengers Bangalore,145
1254084,Chennai Super Kings,218
1254084,Mumbai Indians,219
1254085,Rajasthan Royals,220
1254085,Sunrisers Hyderabad,165
1254086,Delhi Capitals,167
1254086,Punjab Kings,166
1254087,Kolkata Knight Riders,94
1254087,Royal Challengers Bangalore,92
1254088,Mumbai Indians,235
1254088,Sunrisers Hyderabad,193
1254089,Chennai Super Kings,189
1254089,Rajasthan Royals,190
1254090,Punjab Kings,158
1254090,Royal Challengers Bangalore,164
1254091,Chennai Super Kings,139
1254091,Sunrisers Hyderabad,134
1254092,Delhi Capitals,127
1254092,Kolkata Knight Riders,130
1254093,Mumbai Indians,94
1254093,Rajasthan Royals,90
1254094,Chennai Super Kings,134
1254094,Punjab Kings,139
1254095,Royal Challengers Bangalore,137
1254095,Sunrisers Hyderabad,141
1254096,Kolkata Knight Riders,159
1254096,Mumbai Indians,155
1254097,Delhi Capitals,154
1254097,Rajasthan Royals,121
1254098,Chennai Super Kings,172
1254098,Kolkata Knight Riders,171
1254099,Mumbai Indians,137
1254099,Punjab Kings,135
1254100,Rajasthan Royals,164
1254100,Sunrisers Hyderabad,167
1254101,Delhi Capitals,164
1254101,Royal Challengers Bangalore,166
1254102,Kolkata Knight Riders,165
1254102,Punjab Kings,168
1254103,Rajasthan Royals,149
1254103,Royal Challengers Bangalore,153
1254104,Chennai Super Kings,156
1254104,Mumbai Indians,136
1254105,Delhi Capitals,139
1254105,Sunrisers Hyderabad,134
1254106,Kolkata Knight Riders,171
1254106,Rajasthan Royals,85
1254107,Punjab Kings,125
1254107,Sunrisers Hyderabad,120
1254108,Mumbai Indians,111
1254108,Royal Challengers Bangalore,165
1254109,Kolkata Knight Riders,119
1254109,Sunrisers Hyderabad,115
1254110,Chennai Super Kings,136
1254110,Delhi Capitals,139
1254111,Punjab Kings,183
1254111,Rajasthan Royals,185
1254112,Delhi Capitals,132
1254112,Mumbai Indians,129
1254113,Chennai Super Kings,157
1254113,Royal Challengers Bangalore,156
1254114,Chennai Super Kings,173
1254114,Delhi Capitals,172
1254115,Kolkata Knight Riders,139
1254115,Royal Challengers Bangalore,138
1254116,Delhi Capitals,135
1254116,Kolkata Knight Riders,136
1254117,Chennai Super Kings,192
1254117,Kolkata Knight Riders,165
1304047,Chennai Super Kings,131
1304047,Kolkata Knight Riders,133
1304048,Delhi Capitals,179
1304048,Mumbai Indians,177
1304049,Punjab Kings,208
1304049,Royal Challengers Bangalore,205
1304050,Gujarat Titans,161
1304050,Lucknow Super Giants,158
1304051,Rajasthan Royals,210
1304051,Sunrisers Hyderabad,149
1304052,Kolkata Knight Riders,128
1304052,Royal Challengers Bangalore,132
1304053,Chennai Super Kings,210
1304053,Lucknow Super Giants,211
1304054,Kolkata Knight Riders,141
1304054,Punjab Kings,137
1304055,Mumbai Indians,170
1304055,Rajasthan Royals,193
1304056,Delhi Capitals,157
1304056,Gujarat Titans,171
1304057,Chennai Super Kings,126
1304057,Punjab Kings,180
1304058,Lucknow Super Giants,169
1304058,Sunrisers Hyderabad,157
1304059,Rajasthan Royals,169
1304059,Royal Challengers Bangalore,173
1304060,Kolkata Knight Riders,162
1304060,Mumbai Indians,161
1304061,Delhi Capitals,149
1304061,Lucknow Super Giants,155
1304062,Gujarat Titans,190
1304062,Punjab Kings,189
1304063,Chennai Super Kings,154
1304063,Sunrisers Hyderabad,155
1304064,Mumbai Indians,151
1304064,Royal Challengers Bangalore,152
1304065,Delhi Capitals,215
1304065,Kolkata Knight Riders,171
1304066,Lucknow Super Giants,162
1304066,Rajasthan Royals,165
1304067,Gujarat Titans,162
1304067,Sunrisers Hyderabad,168
1304068,Chennai Super Kings,216
1304068,Royal Challengers Bangalore,193
1304069,Mumbai Indians,186
1304069,Punjab Kings,198
1304070,Gujarat Titans,192
1304070,Rajasthan Royals,155
1304071,Kolkata Knight Riders,175
1304071,Sunrisers Hyderabad,176
1304072,Lucknow Super Giants,199
1304072,Mumbai Indians,181
1304073,Delhi Capitals,173
1304073,Royal Challengers Bangalore,189
1304074,Punjab Kings,151
1304074,Sunrisers Hyderabad,152
1304075,Chennai Super Kings,169
1304075,Gujarat Titans,170
1304076,Kolkata Knight Riders,210
1304076,Rajasthan Royals,217
1304077,Lucknow Super Giants,163
1304077,Royal Challengers Bangalore,181
1304078,Delhi Capitals,119
1304078,Punjab Kings,115
1304079,Chennai Super Kings,156
1304079,Mumbai Indians,155
1304080,Delhi Capitals,207
1304080,Rajasthan Royals,222
1304081,Gujarat Titans,156
1304081,Kolkata Knight Riders,148
1304082,Royal Challengers Bangalore,68
1304082,Sunrisers Hyderabad,72
1304083,Lucknow Super Giants,168
1304083,Mumbai Indians,132
1304084,Chennai Super Kings,176
1304084,Punjab Kings,187
1304085,Rajasthan Royals,144
1304085,Royal Challengers Bangalore,115
1304086,Gujarat Titans,199
1304086,Sunrisers Hyderabad,195
1304087,Delhi Capitals,150
1304087,Kolkata Knight Riders,146
1304088,Lucknow Super Giants,153
1304088,Punjab Kings,133
1304089,Gujarat Titans,174
1304089,Royal Challengers Bangalore,170
1304090,Mumbai Indians,161
1304090,Rajasthan Royals,158
1304091,Delhi Capitals,189
1304091,Lucknow Super Giants,195
1304092,Chennai Super Kings,202
1304092,Sunrisers Hyderabad,189
1304093,Kolkata Knight Riders,158
1304093,Rajasthan Royals,152
1304094,Gujarat Titans,143
1304094,Punjab Kings,145
1304095,Chennai Super Kings,160
1304095,Royal Challengers Bangalore,173
1304096,Delhi Capitals,207
1304096,Sunrisers Hyderabad,186
1304097,Gujarat Titans,172
1304097,Mumbai Indians,177
1304098,Punjab Kings,189
1304098,Rajasthan Royals,190
1304099,Kolkata Knight Riders,101
1304099,Lucknow Super Giants,176
1304100,Royal Challengers Bangalore,192
1304100,Sunrisers Hyderabad,125
1304101,Chennai Super Kings,208
1304101,Delhi Capitals,117
1304102,Kolkata Knight Riders,165
1304102,Mumbai Indians,113
1304103,Gujarat Titans,144
1304103,Lucknow Super Giants,82
1304104,Delhi Capitals,161
1304104,Rajasthan Royals,160
1304105,Chennai Super Kings,97
1304105,Mumbai Indians,103
1304106,Punjab Kings,209
1304106,Royal Challengers Bangalore,155
1304107,Kolkata Knight Riders,177
1304107,Sunrisers Hyderabad,123
1304108,Chennai Super Kings,133
1304108,Gujarat Titans,137
1304109,Lucknow Super Giants,154
1304109,Rajasthan Royals,178
1304110,Delhi Capitals,159
1304110,Punjab Kings,142
1304111,Mumbai Indians,190
1304111,Sunrisers Hyderabad,193
1304112,Kolkata Knight Riders,208
1304112,Lucknow Super Giants,210
1304113,Gujarat Titans,168
1304113,Royal Challengers Bangalore,170
1304114,Chennai Super Kings,150
1304114,Rajasthan Royals,151
1304115,Delhi Capitals,159
1304115,Mumbai Indians,160
1304116,Punjab Kings,160
1304116,Sunrisers Hyderabad,157
1312197,Gujarat Titans,191
1312197,Rajasthan Royals,188
1312198,Lucknow Super Giants,193
1312198,Royal Challengers Bangalore,207
1312199,Rajasthan Royals,161
1312199,Royal Challengers Bangalore,157
1312200,Gujarat Titans,133
1312200,Rajasthan Royals,130
1359475,Chennai Super Kings,178
1359475,Gujarat Titans,182
1359476,Kolkata Knight Riders,146
1359476,Punjab Kings,191
1359477,Delhi Capitals,143
1359477,Lucknow Super Giants,193
1359478,Rajasthan Royals,203
1359478,Sunrisers Hyderabad,131
1359479,Mumbai Indians,171
1359479,Royal Challengers Bangalore,172
1359480,Chennai Super Kings,217
1359480,Lucknow Super Giants,205
1359481,Delhi Capitals,162
1359481,Gujarat Titans,163
1359482,Punjab Kings,197
1359482,Rajasthan Royals,192
1359483,Kolkata Knight Riders,204
1359483,Royal Challengers Bangalore,123
1359484,Lucknow Super Giants,127
1359484,Sunrisers Hyderabad,121
1359485,Delhi Capitals,142
1359485,Rajasthan Royals,199
1359486,Chennai Super Kings,159
1359486,Mumbai Indians,157
1359487,Gujarat Titans,204
1359487,Kolkata Knight Riders,207
1359488,Punjab Kings,143
1359488,Sunrisers Hyderabad,145
1359489,Lucknow Super Giants,213
1359489,Royal Challengers Bangalore,212
1359490,Delhi Capitals,172
1359490,Mumbai Indians,173
1359491,Chennai Super Kings,172
1359491,Rajasthan Royals,175
1359492,Gujarat Titans,154
1359492,Punjab Kings,153
1359493,Kolkata Knight Riders,205
1359493,Sunrisers Hyderabad,228
1359494,Delhi Capitals,151
1359494,Royal Challengers Bangalore,174
1359495,Lucknow Super Giants,159
1359495,Punjab Kings,161
1359496,Kolkata Knight Riders,185
1359496,Mumbai Indians,186
1359497,Gujarat Titans,177
1359497,Rajasthan Royals,179
1359498,Chennai Super Kings,226
1359498,Royal Challengers Bangalore,218
1359499,Mumbai Indians,192
1359499,Sunrisers Hyderabad,178
1359500,Lucknow Super Giants,154
1359500,Rajasthan Royals,144
1359501,Punjab Kings,150
1359501,Royal Challengers Bangalore,174
1359502,Delhi Capitals,128
1359502,Kolkata Knight Riders,127
1359503,Chennai Super Kings,138
1359503,Sunrisers Hyderabad,134
1359504,Gujarat Titans,135
1359504,Lucknow Super Giants,128
1359505,Mumbai Indians,201
1359505,Punjab Kings,214
1359506,Rajasthan Royals,182
1359506,Royal Challengers Bangalore,189
1359507,Chennai Super Kings,235
1359507,Kolkata Knight Riders,186
1359508,Delhi Capitals,144
1359508,Sunrisers Hyderabad,137
1359509,Gujarat Titans,207
1359509,Mumbai Indians,152
1359510,Kolkata Knight Riders,200
1359510,Royal Challengers Bangalore,179
1359511,Chennai Super Kings,170
1359511,Rajasthan Royals,202
1359512,Lucknow Super Giants,257
1359512,Punjab Kings,201
1359513,Gujarat Titans,180
1359513,Kolkata Knight Riders,179
1359514,Delhi Capitals,188
1359514,Sunrisers Hyderabad,197
1359515,Chennai Super Kings,200
1359515,Punjab Kings,201
1359516,Mumbai Indians,214
1359516,Rajasthan Royals,212
1359517,Lucknow Super Giants,108
1359517,Royal Challengers Bangalore,126
1359518,Delhi Capitals,130
1359518,Gujarat Titans,125
1359519,Lucknow Super Giants,125
1359520,Mumbai Indians,216
1359520,Punjab Kings,214
1359521,Kolkata Knight Riders,171
1359521,Sunrisers Hyderabad,166
1359522,Gujarat Titans,119
1359522,Rajasthan Royals,118
1359523,Chennai Super Kings,140
1359523,Mumbai Indians,139
1359524,Delhi Capitals,187
1359524,Royal Challengers Bangalore,181
1359525,Gujarat Titans,227
1359525,Lucknow Super Giants,171
1359526,Rajasthan Royals,214
1359526,Sunrisers Hyderabad,217
1359527,Kolkata Knight Riders,182
1359527,Punjab Kings,179
1359528,Mumbai Indians,200
1359528,Royal Challengers Bangalore,199
1359529,Chennai Super Kings,167
1359529,Delhi Capitals,140
1359530,Kolkata Knight Riders,149
1359530,Rajasthan Royals,151
1359531,Gujarat Titans,191
1359531,Mumbai Indians,218
1359532,Lucknow Super Giants,185
1359532,Sunrisers Hyderabad,182
1359533,Delhi Capitals,136
1359533,Punjab Kings,167
1359534,Rajasthan Royals,59
1359534,Royal Challengers Bangalore,171
1359535,Chennai Super Kings,144
1359535,Kolkata Knight Riders,147
1359536,Gujarat Titans,188
1359536,Sunrisers Hyderabad,154
1359537,Lucknow Super Giants,177
1359537,Mumbai Indians,172
1359538,Delhi Capitals,213
1359538,Punjab Kings,198
1359539,Royal Challengers Bangalore,187
1359539,Sunrisers Hyderabad,186
1359540,Punjab Kings,187
1359540,Rajasthan Royals,189
1359541,Chennai Super Kings,223
1359541,Delhi Capitals,146
1359542,Kolkata Knight Riders,175
1359542,Lucknow Super Giants,176
1359543,Mumbai Indians,201
1359543,Sunrisers Hyderabad,200
1359544,Gujarat Titans,198
1359544,Royal Challengers Bangalore,197
1370350,Chennai Super Kings,172
1370350,Gujarat Titans,157
1370351,Lucknow Super Giants,101
1370351,Mumbai Indians,182
1370352,Gujarat Titans,233
1370352,Mumbai Indians,171
1370353,Chennai Super Kings,171
1370353,Gujarat Titans,214
1422119,Chennai Super Kings,176
1422119,Royal Challengers Bengaluru,173
1422120,Delhi Capitals,174
1422120,Punjab Kings,177
1422121,Kolkata Knight Riders,208
1422121,Sunrisers Hyderabad,204
1422122,Lucknow Super Giants,173
1422122,Rajasthan Royals,193
1422123,Gujarat Titans,168
1422123,Mumbai Indians,162
1422124,Punjab Kings,176
1422124,Royal Challengers Bengaluru,178
1422125,Chennai Super Kings,206
1422125,Gujarat Titans,143
1422126,Mumbai Indians,246
1422126,Sunrisers Hyderabad,277
1422127,Delhi Capitals,173
1422127,Rajasthan Royals,185
1422128,Kolkata Knight Riders,186
1422128,Royal Challengers Bengaluru,182
1422129,Lucknow Super Giants,199
1422129,Punjab Kings,178
1422130,Gujarat Titans,168
1422130,Sunrisers Hyderabad,162
1422131,Chennai Super Kings,171
1422131,Delhi Capitals,191
1422132,Mumbai Indians,125
1422132,Rajasthan Royals,127
1422133,Lucknow Super Giants,181
1422133,Royal Challengers Bengaluru,153
1422134,Delhi Capitals,166
1422134,Kolkata Knight Riders,272
1422135,Gujarat Titans,199
1422135,Punjab Kings,200
1422136,Chennai Super Kings,165
1422136,Sunrisers Hyderabad,166
1422137,Rajasthan Royals,189
1422137,Royal Challengers Bengaluru,183
1422138,Delhi Capitals,205
1422138,Mumbai Indians,234
1422139,Gujarat Titans,130
1422139,Lucknow Super Giants,163
1426260,Chennai Super Kings,141
1426260,Kolkata Knight Riders,137
1426261,Punjab Kings,180
1426261,Sunrisers Hyderabad,182
1426262,Gujarat Titans,199
1426262,Rajasthan Royals,196
1426263,Mumbai Indians,199
1426263,Royal Challengers Bengaluru,196
1426264,Delhi Capitals,170
1426264,Lucknow Super Giants,167
1426265,Punjab Kings,147
1426265,Rajasthan Royals,152
1426266,Kolkata Knight Riders,162
1426266,Lucknow Super Giants,161
1426267,Chennai Super Kings,206
1426267,Mumbai Indians,186
1426268,Royal Challengers Bengaluru,262
1426268,Sunrisers Hyderabad,287
1426269,Kolkata Knight Riders,223
1426269,Rajasthan Royals,224
1426270,Delhi Capitals,92
1426270,Gujarat Titans,89
1426271,Mumbai Indians,192
1426271,Punjab Kings,183
1426272,Chennai Super Kings,176
1426272,Lucknow Super Giants,180
1426273,Delhi Capitals,199
1426273,Sunrisers Hyderabad,266
1426274,Kolkata Knight Riders,222
1426274,Royal Challengers Bengaluru,221
1426275,Gujarat Titans,146
1426275,Punjab Kings,142
1426276,Mumbai Indians,179
1426276,Rajasthan Royals,183
1426277,Chennai Super Kings,210
1426277,Lucknow Super Giants,213
1426278,Delhi Capitals,224
1426278,Gujarat Titans,220
1426279,Royal Challengers Bengaluru,206
1426279,Sunrisers Hyderabad,171
1426280,Kolkata Knight Riders,261
1426280,Punjab Kings,262
1426281,Delhi Capitals,257
1426281,Mumbai Indians,247
1426282,Lucknow Super Giants,196
1426282,Rajasthan Royals,199
1426283,Gujarat Titans,200
1426283,Royal Challengers Bengaluru,206
1426284,Chennai Super Kings,212
1426284,Sunrisers Hyderabad,134
1426285,Delhi Capitals,153
1426285,Kolkata Knight Riders,157
1426286,Lucknow Super Giants,145
1426286,Mumbai Indians,144
1426287,Chennai Super Kings,162
1426287,Punjab Kings,163
1426288,Rajasthan Royals,200
1426288,Sunrisers Hyderabad,201
1426289,Kolkata Knight Riders,169
1426289,Mumbai Indians,145
1426290,Gujarat Titans,147
1426290,Royal Challengers Bengaluru,152
1426291,Chennai Super Kings,167
1426291,Punjab Kings,139
1426292,Kolkata Knight Riders,235
1426292,Lucknow Super Giants,137
1426293,Mumbai Indians,174
1426293,Sunrisers Hyderabad,173
1426294,Delhi Capitals,221
1426294,Rajasthan Royals,201
1426295,Lucknow Super Giants,165
1426295,Sunrisers Hyderabad,167
1426296,Punjab Kings,181
1426296,Royal Challengers Bengaluru,241
1426297,Chennai Super Kings,196
1426297,Gujarat Titans,231
1426298,Kolkata Knight Riders,157
1426298,Mumbai Indians,139
1426299,Chennai Super Kings,145
1426299,Rajasthan Royals,141
1426300,Delhi Capitals,140
1426300,Royal Challengers Bengaluru,187
1426302,Delhi Capitals,208
1426302,Lucknow Super Giants,189
1426303,Punjab Kings,145
1426303,Rajasthan Royals,144
1426305,Lucknow Super Giants,214
1426305,Mumbai Indians,196
1426306,Chennai Super Kings,191
1426306,Royal Challengers Bengaluru,218
1426307,Punjab Kings,214
1426307,Sunrisers Hyderabad,215
1426309,Kolkata Knight Riders,164
1426309,Sunrisers Hyderabad,159
1426310,Rajasthan Royals,174
1426310,Royal Challengers Bengaluru,172
1426311,Rajasthan Royals,139
1426311,Sunrisers Hyderabad,175
1426312,Kolkata Knight Riders,114
1426312,Sunrisers Hyderabad,113
1473438,Kolkata Knight Riders,174
1473438,Royal Challengers Bengaluru,177
1473439,Rajasthan Royals,242
1473439,Sunrisers Hyderabad,286
1473440,Chennai Super Kings,158
1473440,Mumbai Indians,155
1473441,Delhi Capitals,211
1473441,Lucknow Super Giants,209
1473442,Gujarat Titans,232
1473442,Punjab Kings,243
1473443,Kolkata Knight Riders,153
1473443,Rajasthan Royals,151
1473444,Lucknow Super Giants,193
1473444,Sunrisers Hyderabad,190
1473445,Chennai Super Kings,146
1473445,Royal Challengers Bengaluru,196
1473446,Gujarat Titans,196
1473446,Mumbai Indians,160
1473447,Delhi Capitals,166
1473447,Sunrisers Hyderabad,163
1473448,Chennai Super Kings,176
1473448,Rajasthan Royals,182
1473449,Kolkata Knight Riders,116
1473449,Mumbai Indians,121
1473450,Lucknow Super Giants,171
1473450,Punjab Kings,177
1473451,Gujarat Titans,170
1473451,Royal Challengers Bengaluru,169
1473452,Kolkata Knight Riders,200
1473452,Sunrisers Hyderabad,120
1473453,Lucknow Super Giants,203
1473453,Mumbai Indians,191
1473454,Chennai Super Kings,158
1473454,Delhi Capitals,183
1473455,Punjab Kings,155
1473455,Rajasthan Royals,205
1473456,Kolkata Knight Riders,234
1473456,Lucknow Super Giants,238
1473457,Gujarat Titans,153
1473457,Sunrisers Hyderabad,152
1473458,Mumbai Indians,209
1473458,Royal Challengers Bengaluru,221
1473459,Chennai Super Kings,201
1473459,Punjab Kings,219
1473460,Gujarat Titans,217
1473460,Rajasthan Royals,159
1473461,Delhi Capitals,169
1473461,Royal Challengers Bengaluru,163
1473462,Chennai Super Kings,103
1473462,Kolkata Knight Riders,107
1473463,Gujarat Titans,180
1473463,Lucknow Super Giants,186
1473464,Punjab Kings,245
1473464,Sunrisers Hyderabad,247
1473465,Rajasthan Royals,173
1473465,Royal Challengers Bengaluru,175
1473466,Delhi Capitals,193
1473466,Mumbai Indians,205
1473467,Chennai Super Kings,168
1473467,Lucknow Super Giants,166
1473468,Kolkata Knight Riders,95
1473468,Punjab Kings,111
1473469,Delhi Capitals,201
1473469,Rajasthan Royals,199
1473470,Mumbai Indians,166
1473470,Sunrisers Hyderabad,162
1473471,Punjab Kings,98
1473471,Royal Challengers Bengaluru,95
1473472,Delhi Capitals,203
1473472,Gujarat Titans,204
1473473,Lucknow Super Giants,180
1473473,Rajasthan Royals,178
1473474,Punjab Kings,157
1473474,Royal Challengers Bengaluru,159
1473475,Chennai Super Kings,176
1473475,Mumbai Indians,177
1473476,Gujarat Titans,198
1473476,Kolkata Knight Riders,159
1473477,Delhi Capitals,161
1473477,Lucknow Super Giants,159
1473478,Mumbai Indians,146
1473478,Sunrisers Hyderabad,143
1473479,Rajasthan Royals,194
1473479,Royal Challengers Bengaluru,205
1473480,Chennai Super Kings,154
1473480,Sunrisers Hyderabad,155
1473481,Kolkata Knight Riders,7
1473481,Punjab Kings,201
1473482,Lucknow Super Giants,161
1473482,Mumbai Indians,215
1473483,Delhi Capitals,162
1473483,Royal Challengers Bengaluru,165
1473484,Gujarat Titans,209
1473484,Rajasthan Royals,212
1473485,Delhi Capitals,190
1473485,Kolkata Knight Riders,204
1473486,Chennai Super Kings,190
1473486,Punjab Kings,194
1473487,Mumbai Indians,217
1473487,Rajasthan Royals,117
1473488,Gujarat Titans,224
1473488,Sunrisers Hyderabad,186
1473489,Chennai Super Kings,211
1473489,Royal Challengers Bengaluru,213
1473490,Kolkata Knight Riders,206
1473490,Rajasthan Royals,205
1473491,Lucknow Super Giants,199
1473491,Punjab Kings,236
1473492,Delhi Capitals,133
1473493,Gujarat Titans,147
1473493,Mumbai Indians,155
1473494,Chennai Super Kings,183
1473494,Kolkata Knight Riders,179
1473495,Punjab Kings,122
1473497,Punjab Kings,219
1473497,Rajasthan Royals,209
1473498,Delhi Capitals,199
1473498,Gujarat Titans,205
1473499,Lucknow Super Giants,205
1473499,Sunrisers Hyderabad,206
1473500,Chennai Super Kings,187
1473500,Rajasthan Royals,188
1473501,Delhi Capitals,121
1473501,Mumbai Indians,180
1473502,Gujarat Titans,202
1473502,Lucknow Super Giants,235
1473503,Royal Challengers Bengaluru,189
1473503,Sunrisers Hyderabad,231
1473504,Chennai Super Kings,230
1473504,Gujarat Titans,147
1473505,Kolkata Knight Riders,168
1473505,Sunrisers Hyderabad,278
1473506,Mumbai Indians,184
1473506,Punjab Kings,187
1473507,Lucknow Super Giants,227
1473507,Royal Challengers Bengaluru,230
1473508,Punjab Kings,101
1473508,Royal Challengers Bengaluru,106
1473509,Gujarat Titans,208
1473509,Mumbai Indians,228
1473510,Mumbai Indians,203
1473510,Punjab Kings,207
1473511,Punjab Kings,184
1473511,Royal Challengers Bengaluru,190
1485779,Delhi Capitals,208
1485779,Punjab Kings,206
